"pid","condition","gender","age_cat","education","trial","WOA","Trust"
"S001","low","female","18-34","none",1,0.455566023269111,5
"S001","low","female","18-34","none",2,0.444905301841842,6
"S001","low","female","18-34","none",3,0.495832234937508,5
"S001","low","female","18-34","none",4,1.05096139684811,5
"S001","low","female","18-34","none",5,0.812123556531136,5
"S001","low","female","18-34","none",6,0.197818703342572,5
"S001","low","female","18-34","none",7,0.638553871221807,4
"S001","low","female","18-34","none",8,0.872724172595294,5
"S001","low","female","18-34","none",9,0.325745995523158,4
"S001","low","female","18-34","none",10,0.696458370445777,3
"S002","low","female","18-34","highschool",1,0.374975390936712,4
"S002","low","female","18-34","highschool",2,0.584693950313209,4
"S002","low","female","18-34","highschool",3,0.611237526201262,4
"S002","low","female","18-34","highschool",4,0.31271029913661,3
"S002","low","female","18-34","highschool",5,0.348538671881933,6
"S002","low","female","18-34","highschool",6,0.568701164078523,6
"S002","low","female","18-34","highschool",7,0.598068396858204,6
"S002","low","female","18-34","highschool",8,0.636153068644804,3
"S002","low","female","18-34","highschool",9,0.567819919787114,6
"S002","low","female","18-34","highschool",10,0.263789971426512,5
"S003","low","female","50-65","none",1,0.626165414199392,4
"S003","low","female","50-65","none",2,0.678741409158579,4
"S003","low","female","50-65","none",3,0.411463797411495,4
"S003","low","female","50-65","none",4,0.851259305866687,4
"S003","low","female","50-65","none",5,0.534442174109653,4
"S003","low","female","50-65","none",6,0.804488324257274,4
"S003","low","female","50-65","none",7,0.702073208083671,3
"S003","low","female","50-65","none",8,0.547299673826986,4
"S003","low","female","50-65","none",9,0.448424733748758,5
"S003","low","female","50-65","none",10,0.752656605608742,3
"S004","low","female","35-49","none",1,0.293449867577241,6
"S004","low","female","35-49","none",2,0.468836759215795,6
"S004","low","female","35-49","none",3,0.49720307737636,4
"S004","low","female","35-49","none",4,0.49124507089224,5
"S004","low","female","35-49","none",5,0.257908553664379,5
"S004","low","female","35-49","none",6,0.552107660524325,5
"S004","low","female","35-49","none",7,0.331029424866426,5
"S004","low","female","35-49","none",8,0.316286612131341,4
"S004","low","female","35-49","none",9,0.766430408756596,6
"S004","low","female","35-49","none",10,0.689293443314808,5
"S005","low","female","50-65","highschool",1,0.326330053109236,5
"S005","low","female","50-65","highschool",2,0.746200037966627,3
"S005","low","female","50-65","highschool",3,0.178177520368392,4
"S005","low","female","50-65","highschool",4,0.833780262470886,3
"S005","low","female","50-65","highschool",5,0.258843944822878,4
"S005","low","female","50-65","highschool",6,0.227107038900374,5
"S005","low","female","50-65","highschool",7,0.376267297850292,5
"S005","low","female","50-65","highschool",8,0.471255061884024,4
"S005","low","female","50-65","highschool",9,0.374542221401409,5
"S005","low","female","50-65","highschool",10,0.378679771272439,4
"S006","low","female","18-34","college",1,0.350092926922643,5
"S006","low","female","18-34","college",2,0.233326299696882,3
"S006","low","female","18-34","college",3,0.354092499871083,3
"S006","low","female","18-34","college",4,0.647605890901101,2
"S006","low","female","18-34","college",5,0.609081165967997,4
"S006","low","female","18-34","college",6,0.439674988188251,5
"S006","low","female","18-34","college",7,0.477181585317499,3
"S006","low","female","18-34","college",8,0.485279926840187,5
"S006","low","female","18-34","college",9,0.506898368457378,5
"S006","low","female","18-34","college",10,0.902431064895413,4
"S007","low","female","18-34","none",1,0.452284891215316,5
"S007","low","female","18-34","none",2,0.529416725261675,5
"S007","low","female","18-34","none",3,0.543751190667486,6
"S007","low","female","18-34","none",4,0.507233610694335,5
"S007","low","female","18-34","none",5,0.534155944133992,6
"S007","low","female","18-34","none",6,0.806895972166845,4
"S007","low","female","18-34","none",7,0.461554021859155,5
"S007","low","female","18-34","none",8,0.576656180010684,4
"S007","low","female","18-34","none",9,0.560990083157986,3
"S007","low","female","18-34","none",10,0.340296075804715,3
"S008","low","female","18-34","highschool",1,-0.0740815730492419,6
"S008","low","female","18-34","highschool",2,0.775673033253591,5
"S008","low","female","18-34","highschool",3,0.734461969318089,3
"S008","low","female","18-34","highschool",4,0.134798038038003,5
"S008","low","female","18-34","highschool",5,0.301830392618443,4
"S008","low","female","18-34","highschool",6,0.426924689470224,3
"S008","low","female","18-34","highschool",7,0.387605304180332,4
"S008","low","female","18-34","highschool",8,0.502676110299336,5
"S008","low","female","18-34","highschool",9,0.942480838556418,6
"S008","low","female","18-34","highschool",10,0.272530968272826,4
"S009","low","female","35-49","highschool",1,0.747734649603833,5
"S009","low","female","35-49","highschool",2,0.688242869172877,5
"S009","low","female","35-49","highschool",3,0.569776961216365,4
"S009","low","female","35-49","highschool",4,0.629777724017037,4
"S009","low","female","35-49","highschool",5,0.365211132633573,5
"S009","low","female","35-49","highschool",6,0.563226219776748,6
"S009","low","female","35-49","highschool",7,0.543563889056483,5
"S009","low","female","35-49","highschool",8,0.461751884934548,4
"S009","low","female","35-49","highschool",9,0.404493626823938,4
"S009","low","female","35-49","highschool",10,0.500061702278819,4
"S010","low","female","50-65","college",1,0.383691263946173,4
"S010","low","female","50-65","college",2,0.885014149187015,3
"S010","low","female","50-65","college",3,0.578683878126987,4
"S010","low","female","50-65","college",4,0.540738759235217,4
"S010","low","female","50-65","college",5,0.530339170191566,5
"S010","low","female","50-65","college",6,0.29537440343674,4
"S010","low","female","50-65","college",7,0.609063374654147,4
"S010","low","female","50-65","college",8,0.554614713596656,3
"S010","low","female","50-65","college",9,0.467700171215155,5
"S010","low","female","50-65","college",10,0.621998444043033,4
"S011","low","female","35-49","highschool",1,0.458895868172178,5
"S011","low","female","35-49","highschool",2,0.598513738337169,4
"S011","low","female","35-49","highschool",3,0.371167653830843,6
"S011","low","female","35-49","highschool",4,0.481761383923359,5
"S011","low","female","35-49","highschool",5,0.725879729341884,5
"S011","low","female","35-49","highschool",6,0.804534136136961,3
"S011","low","female","35-49","highschool",7,0.247277875061514,5
"S011","low","female","35-49","highschool",8,0.46667383440996,5
"S011","low","female","35-49","highschool",9,0.376763274309964,6
"S011","low","female","35-49","highschool",10,0.70342752378675,6
"S012","low","female","35-49","highschool",1,0.312320957039569,5
"S012","low","female","35-49","highschool",2,0.317789474933894,5
"S012","low","female","35-49","highschool",3,0.323312739321425,3
"S012","low","female","35-49","highschool",4,0.327406394169444,4
"S012","low","female","35-49","highschool",5,0.565626920050163,3
"S012","low","female","35-49","highschool",6,0.814720023108862,6
"S012","low","female","35-49","highschool",7,0.676312910606996,5
"S012","low","female","35-49","highschool",8,0.544978535529091,4
"S012","low","female","35-49","highschool",9,0.320085593761141,4
"S012","low","female","35-49","highschool",10,0.623930438506891,4
"S013","low","female","35-49","college",1,0.545566695081859,5
"S013","low","female","35-49","college",2,0.24585158960068,5
"S013","low","female","35-49","college",3,0.647982846228466,5
"S013","low","female","35-49","college",4,0.640572037676615,4
"S013","low","female","35-49","college",5,0.346370305573435,6
"S013","low","female","35-49","college",6,0.522443389380626,6
"S013","low","female","35-49","college",7,0.331757101604943,5
"S013","low","female","35-49","college",8,0.27088436803153,5
"S013","low","female","35-49","college",9,0.615981755572642,3
"S013","low","female","35-49","college",10,0.139957359054341,6
"S014","low","female","35-49","college",1,0.511873795993399,5
"S014","low","female","35-49","college",2,0.52247044674556,4
"S014","low","female","35-49","college",3,0.823272255643007,5
"S014","low","female","35-49","college",4,0.732837541986513,4
"S014","low","female","35-49","college",5,0.725521816245238,3
"S014","low","female","35-49","college",6,0.595914946601304,3
"S014","low","female","35-49","college",7,0.597051379076983,4
"S014","low","female","35-49","college",8,0.50346774984338,5
"S014","low","female","35-49","college",9,0.412303843185154,4
"S014","low","female","35-49","college",10,0.547142913326677,4
"S015","low","female","18-34","college",1,0.134126547587587,3
"S015","low","female","18-34","college",2,0.579138351045745,3
"S015","low","female","18-34","college",3,0.549059687679472,4
"S015","low","female","18-34","college",4,0.242733280503416,4
"S015","low","female","18-34","college",5,0.347118650917108,4
"S015","low","female","18-34","college",6,0.794714900305337,4
"S015","low","female","18-34","college",7,0.387143810883959,4
"S015","low","female","18-34","college",8,0.745122700346953,4
"S015","low","female","18-34","college",9,0.530693701447543,6
"S015","low","female","18-34","college",10,0.59409184327028,4
"S016","low","female","35-49","highschool",1,0.447252402638103,5
"S016","low","female","35-49","highschool",2,0.420646500373519,3
"S016","low","female","35-49","highschool",3,0.413420525557175,4
"S016","low","female","35-49","highschool",4,0.230874778126315,6
"S016","low","female","35-49","highschool",5,0.624813407918978,5
"S016","low","female","35-49","highschool",6,0.682697127877918,4
"S016","low","female","35-49","highschool",7,0.694924567999791,4
"S016","low","female","35-49","highschool",8,0.334635772874447,5
"S016","low","female","35-49","highschool",9,0.930659229530311,5
"S016","low","female","35-49","highschool",10,0.57066760619461,5
"S017","low","female","35-49","highschool",1,0.787162426220351,4
"S017","low","female","35-49","highschool",2,0.588534651608362,5
"S017","low","female","35-49","highschool",3,0.919817271900899,2
"S017","low","female","35-49","highschool",4,0.422748060290564,2
"S017","low","female","35-49","highschool",5,0.270821749991706,5
"S017","low","female","35-49","highschool",6,0.621587773826132,4
"S017","low","female","35-49","highschool",7,0.539147781348307,6
"S017","low","female","35-49","highschool",8,0.727496858750903,3
"S017","low","female","35-49","highschool",9,0.631331062770739,4
"S017","low","female","35-49","highschool",10,0.32507243222016,4
"S018","low","female","18-34","highschool",1,0.409416787735087,5
"S018","low","female","18-34","highschool",2,0.223891191298559,5
"S018","low","female","18-34","highschool",3,0.552325852943215,4
"S018","low","female","18-34","highschool",4,0.681075923938702,3
"S018","low","female","18-34","highschool",5,0.329004543164905,4
"S018","low","female","18-34","highschool",6,0.538572276597588,6
"S018","low","female","18-34","highschool",7,0.173082435250672,3
"S018","low","female","18-34","highschool",8,0.655599570636829,3
"S018","low","female","18-34","highschool",9,0.526142325231238,5
"S018","low","female","18-34","highschool",10,0.653023296523687,5
"S019","low","female","18-34","college",1,0.576629928356575,4
"S019","low","female","18-34","college",2,0.500067015216964,5
"S019","low","female","18-34","college",3,0.457578691854386,4
"S019","low","female","18-34","college",4,0.448925748105002,3
"S019","low","female","18-34","college",5,0.556975006677037,5
"S019","low","female","18-34","college",6,0.357939161817308,5
"S019","low","female","18-34","college",7,0.700902564389474,4
"S019","low","female","18-34","college",8,0.613409245353105,5
"S019","low","female","18-34","college",9,0.266389064906398,5
"S019","low","female","18-34","college",10,0.530738624418278,4
"S020","low","female","50-65","highschool",1,0.0678777371927665,5
"S020","low","female","50-65","highschool",2,0.569325906223109,5
"S020","low","female","50-65","highschool",3,0.444423663292482,3
"S020","low","female","50-65","highschool",4,0.574870541652372,4
"S020","low","female","50-65","highschool",5,0.359040447592704,4
"S020","low","female","50-65","highschool",6,0.45291188975662,4
"S020","low","female","50-65","highschool",7,0.618089485085541,4
"S020","low","female","50-65","highschool",8,0.81671560185532,5
"S020","low","female","50-65","highschool",9,0.600199157530813,5
"S020","low","female","50-65","highschool",10,0.390976095497445,4
"S021","low","female","50-65","college",1,0.256859406542489,5
"S021","low","female","50-65","college",2,0.255068805201308,5
"S021","low","female","50-65","college",3,0.546215400412441,3
"S021","low","female","50-65","college",4,0.516250868013973,5
"S021","low","female","50-65","college",5,0.51262141463232,6
"S021","low","female","50-65","college",6,0.203303688495916,5
"S021","low","female","50-65","college",7,0.678176757226601,5
"S021","low","female","50-65","college",8,0.666438609844047,4
"S021","low","female","50-65","college",9,0.454360910122294,4
"S021","low","female","50-65","college",10,0.684152220461315,3
"S022","low","female","18-34","college",1,0.532217515455696,4
"S022","low","female","18-34","college",2,0.558892365370393,3
"S022","low","female","18-34","college",3,0.306436251924076,5
"S022","low","female","18-34","college",4,0.678566357826053,4
"S022","low","female","18-34","college",5,0.387088904959127,5
"S022","low","female","18-34","college",6,0.573182029568554,5
"S022","low","female","18-34","college",7,0.755648721232711,3
"S022","low","female","18-34","college",8,0.341881398786821,4
"S022","low","female","18-34","college",9,0.619956195065646,4
"S022","low","female","18-34","college",10,0.750785124143565,4
"S023","low","female","50-65","none",1,0.445990753184875,7
"S023","low","female","50-65","none",2,0.530397450341609,5
"S023","low","female","50-65","none",3,0.513051774672133,5
"S023","low","female","50-65","none",4,0.298857122406854,4
"S023","low","female","50-65","none",5,0.739025277499564,5
"S023","low","female","50-65","none",6,0.46004082542118,6
"S023","low","female","50-65","none",7,0.190092240665178,4
"S023","low","female","50-65","none",8,0.639904446517435,6
"S023","low","female","50-65","none",9,0.701623598778063,4
"S023","low","female","50-65","none",10,0.319002130521317,5
"S024","low","female","18-34","none",1,0.502969720735847,4
"S024","low","female","18-34","none",2,0.137988711089818,4
"S024","low","female","18-34","none",3,0.317293361097507,5
"S024","low","female","18-34","none",4,0.352154964838699,3
"S024","low","female","18-34","none",5,0.351492783528628,4
"S024","low","female","18-34","none",6,0.591734248883302,6
"S024","low","female","18-34","none",7,0.615009755784203,4
"S024","low","female","18-34","none",8,0.361362325490304,4
"S024","low","female","18-34","none",9,0.52044735606217,4
"S024","low","female","18-34","none",10,0.481925502234742,5
"S025","low","female","18-34","highschool",1,0.571200062671176,4
"S025","low","female","18-34","highschool",2,0.352606737512494,4
"S025","low","female","18-34","highschool",3,0.407819076924691,2
"S025","low","female","18-34","highschool",4,0.4305057060328,3
"S025","low","female","18-34","highschool",5,0.439569023325233,5
"S025","low","female","18-34","highschool",6,0.584846161991958,3
"S025","low","female","18-34","highschool",7,0.43290465302974,3
"S025","low","female","18-34","highschool",8,0.659516633708259,5
"S025","low","female","18-34","highschool",9,0.535658661059436,5
"S025","low","female","18-34","highschool",10,0.101225255935628,2
"S026","low","male","35-49","none",1,0.692042498454988,5
"S026","low","male","35-49","none",2,0.906138861415015,7
"S026","low","male","35-49","none",3,0.842986718012388,4
"S026","low","male","35-49","none",4,0.445141239864576,5
"S026","low","male","35-49","none",5,0.62186910023847,4
"S026","low","male","35-49","none",6,0.415783825810521,5
"S026","low","male","35-49","none",7,0.734914678433923,6
"S026","low","male","35-49","none",8,0.731549324874156,6
"S026","low","male","35-49","none",9,0.504711583092023,7
"S026","low","male","35-49","none",10,0.500877193913244,7
"S027","low","male","35-49","college",1,0.659888011678687,6
"S027","low","male","35-49","college",2,0.568627172535403,4
"S027","low","male","35-49","college",3,1.10672038939388,4
"S027","low","male","35-49","college",4,0.590312253653965,6
"S027","low","male","35-49","college",5,0.826010033276782,4
"S027","low","male","35-49","college",6,0.736838808183189,6
"S027","low","male","35-49","college",7,0.506616992845484,3
"S027","low","male","35-49","college",8,0.508930553110577,4
"S027","low","male","35-49","college",9,0.522370983429338,4
"S027","low","male","35-49","college",10,0.716282812843121,5
"S028","low","male","50-65","college",1,0.715167093903061,6
"S028","low","male","50-65","college",2,0.509893991010526,5
"S028","low","male","50-65","college",3,0.226929206864359,3
"S028","low","male","50-65","college",4,0.693164456578578,7
"S028","low","male","50-65","college",5,0.515876873043637,4
"S028","low","male","50-65","college",6,0.463301491923906,5
"S028","low","male","50-65","college",7,0.532647979938527,5
"S028","low","male","50-65","college",8,0.643232647795432,3
"S028","low","male","50-65","college",9,0.7811119732491,4
"S028","low","male","50-65","college",10,0.710615413251898,5
"S029","low","male","18-34","none",1,0.518173353322509,5
"S029","low","male","18-34","none",2,0.562667922727651,5
"S029","low","male","18-34","none",3,0.515352883635171,4
"S029","low","male","18-34","none",4,0.681363964929101,6
"S029","low","male","18-34","none",5,0.811232543164559,5
"S029","low","male","18-34","none",6,0.785926422538458,5
"S029","low","male","18-34","none",7,0.688238369077923,4
"S029","low","male","18-34","none",8,0.382690929488477,6
"S029","low","male","18-34","none",9,0.70951483820502,5
"S029","low","male","18-34","none",10,0.172448369365357,6
"S030","low","male","50-65","college",1,0.443278016843387,5
"S030","low","male","50-65","college",2,0.362531872299978,6
"S030","low","male","50-65","college",3,0.553230796292867,4
"S030","low","male","50-65","college",4,0.430014872784183,4
"S030","low","male","50-65","college",5,0.933478864790301,5
"S030","low","male","50-65","college",6,0.701687660638709,5
"S030","low","male","50-65","college",7,0.878743125119134,6
"S030","low","male","50-65","college",8,0.663925238136582,7
"S030","low","male","50-65","college",9,0.415505912339434,4
"S030","low","male","50-65","college",10,0.866300805446371,5
"S031","low","male","18-34","highschool",1,0.767141093649328,5
"S031","low","male","18-34","highschool",2,0.434644436993147,5
"S031","low","male","18-34","highschool",3,0.422255453000715,4
"S031","low","male","18-34","highschool",4,0.623574933122818,3
"S031","low","male","18-34","highschool",5,0.24498543732518,5
"S031","low","male","18-34","highschool",6,0.438550042566639,6
"S031","low","male","18-34","highschool",7,0.472735278412625,5
"S031","low","male","18-34","highschool",8,0.337522034783388,5
"S031","low","male","18-34","highschool",9,0.816520120539974,5
"S031","low","male","18-34","highschool",10,0.806914891584403,6
"S032","low","male","18-34","college",1,0.557394435392524,6
"S032","low","male","18-34","college",2,0.548562829721929,6
"S032","low","male","18-34","college",3,0.470620606683763,5
"S032","low","male","18-34","college",4,0.516563279398288,6
"S032","low","male","18-34","college",5,0.558586492937372,4
"S032","low","male","18-34","college",6,0.718792550062683,4
"S032","low","male","18-34","college",7,0.550241178831156,4
"S032","low","male","18-34","college",8,0.625600894119608,4
"S032","low","male","18-34","college",9,0.560327147621526,5
"S032","low","male","18-34","college",10,0.67023223161854,5
"S033","low","male","50-65","none",1,0.743029422055569,6
"S033","low","male","50-65","none",2,0.534294598477907,4
"S033","low","male","50-65","none",3,0.767995338069172,5
"S033","low","male","50-65","none",4,0.61390961586265,4
"S033","low","male","50-65","none",5,0.492166318727334,6
"S033","low","male","50-65","none",6,0.48989419654196,2
"S033","low","male","50-65","none",7,0.335423936116879,5
"S033","low","male","50-65","none",8,0.386742091776667,5
"S033","low","male","50-65","none",9,0.545245268573029,4
"S033","low","male","50-65","none",10,0.623314561962255,3
"S034","low","male","35-49","none",1,0.456936864933213,4
"S034","low","male","35-49","none",2,0.491979799695921,5
"S034","low","male","35-49","none",3,0.473399060787609,4
"S034","low","male","35-49","none",4,0.572482147925881,4
"S034","low","male","35-49","none",5,0.593436606842291,5
"S034","low","male","35-49","none",6,0.671444094544744,3
"S034","low","male","35-49","none",7,0.826530581953132,3
"S034","low","male","35-49","none",8,0.376482035901754,6
"S034","low","male","35-49","none",9,0.969910490935375,5
"S034","low","male","35-49","none",10,0.462609341781922,5
"S035","low","male","18-34","highschool",1,0.904827881794344,5
"S035","low","male","18-34","highschool",2,0.558704797865425,4
"S035","low","male","18-34","highschool",3,0.500876316630962,4
"S035","low","male","18-34","highschool",4,0.574394818099571,6
"S035","low","male","18-34","highschool",5,0.676870751585824,3
"S035","low","male","18-34","highschool",6,0.55728506973754,6
"S035","low","male","18-34","highschool",7,0.511058790626429,4
"S035","low","male","18-34","highschool",8,0.348157622242555,5
"S035","low","male","18-34","highschool",9,0.930941888703004,4
"S035","low","male","18-34","highschool",10,0.469740560871012,4
"S036","low","male","18-34","college",1,0.427599423203443,3
"S036","low","male","18-34","college",2,0.769257559473347,6
"S036","low","male","18-34","college",3,0.355937469931968,4
"S036","low","male","18-34","college",4,0.543286892697671,7
"S036","low","male","18-34","college",5,0.77803509789849,4
"S036","low","male","18-34","college",6,0.709040678159152,5
"S036","low","male","18-34","college",7,0.204829693999056,4
"S036","low","male","18-34","college",8,0.343798888981256,5
"S036","low","male","18-34","college",9,0.487452255164905,4
"S036","low","male","18-34","college",10,0.79867021803274,5
"S037","low","male","50-65","highschool",1,0.647892881270174,6
"S037","low","male","50-65","highschool",2,0.727748472421688,7
"S037","low","male","50-65","highschool",3,0.770656041102925,6
"S037","low","male","50-65","highschool",4,0.914889485313,5
"S037","low","male","50-65","highschool",5,0.551992540448819,4
"S037","low","male","50-65","highschool",6,0.589928863437296,6
"S037","low","male","50-65","highschool",7,0.394404579063152,5
"S037","low","male","50-65","highschool",8,0.533823308126617,4
"S037","low","male","50-65","highschool",9,0.380548045444557,3
"S037","low","male","50-65","highschool",10,0.602387634876507,4
"S038","low","male","50-65","none",1,0.993440352135446,6
"S038","low","male","50-65","none",2,0.556528921085795,6
"S038","low","male","50-65","none",3,0.50046447316581,5
"S038","low","male","50-65","none",4,0.534158526446234,5
"S038","low","male","50-65","none",5,0.614518850812958,5
"S038","low","male","50-65","none",6,0.537335455400076,5
"S038","low","male","50-65","none",7,0.90833671646048,6
"S038","low","male","50-65","none",8,0.520822746877188,5
"S038","low","male","50-65","none",9,0.40767027112766,5
"S038","low","male","50-65","none",10,0.670718054492127,4
"S039","low","male","18-34","college",1,0.232807895444044,6
"S039","low","male","18-34","college",2,0.631344462706182,6
"S039","low","male","18-34","college",3,0.625823961100497,4
"S039","low","male","18-34","college",4,0.694751417597036,5
"S039","low","male","18-34","college",5,0.345778278766782,5
"S039","low","male","18-34","college",6,0.529854609574457,6
"S039","low","male","18-34","college",7,0.73145196455518,4
"S039","low","male","18-34","college",8,0.807836296474906,6
"S039","low","male","18-34","college",9,0.689519606158389,5
"S039","low","male","18-34","college",10,0.693362570093762,4
"S040","low","male","35-49","highschool",1,0.598693355216271,5
"S040","low","male","35-49","highschool",2,0.610767902374837,5
"S040","low","male","35-49","highschool",3,0.615360385576559,5
"S040","low","male","35-49","highschool",4,0.678653874144095,6
"S040","low","male","35-49","highschool",5,0.801926542072843,4
"S040","low","male","35-49","highschool",6,0.58451617143575,7
"S040","low","male","35-49","highschool",7,0.581979751285712,6
"S040","low","male","35-49","highschool",8,0.589757057415472,3
"S040","low","male","35-49","highschool",9,0.722103818316909,5
"S040","low","male","35-49","highschool",10,0.633277319168519,5
"S041","low","male","18-34","highschool",1,0.669161677054585,5
"S041","low","male","18-34","highschool",2,0.681298076612188,3
"S041","low","male","18-34","highschool",3,0.611631165899743,4
"S041","low","male","18-34","highschool",4,0.543526297638317,5
"S041","low","male","18-34","highschool",5,0.468634346300623,4
"S041","low","male","18-34","highschool",6,0.294545535299327,5
"S041","low","male","18-34","highschool",7,0.667794465504112,5
"S041","low","male","18-34","highschool",8,0.297639846459752,5
"S041","low","male","18-34","highschool",9,0.738119026638416,7
"S041","low","male","18-34","highschool",10,0.706290205210434,7
"S042","low","male","18-34","college",1,0.43555439929232,7
"S042","low","male","18-34","college",2,0.752623075646519,7
"S042","low","male","18-34","college",3,0.640621632217394,6
"S042","low","male","18-34","college",4,0.575324005041799,5
"S042","low","male","18-34","college",5,0.486560042732358,5
"S042","low","male","18-34","college",6,0.460062135343191,6
"S042","low","male","18-34","college",7,0.45563125678729,5
"S042","low","male","18-34","college",8,0.874746463567074,5
"S042","low","male","18-34","college",9,0.163381950189081,5
"S042","low","male","18-34","college",10,0.719437858500985,5
"S043","low","male","18-34","none",1,0.671937948164584,4
"S043","low","male","18-34","none",2,0.541615875972425,6
"S043","low","male","18-34","none",3,0.528648306498207,3
"S043","low","male","18-34","none",4,0.646733381046872,5
"S043","low","male","18-34","none",5,0.514363879435977,3
"S043","low","male","18-34","none",6,0.69574161401778,5
"S043","low","male","18-34","none",7,0.585143575665255,6
"S043","low","male","18-34","none",8,0.498165256209806,6
"S043","low","male","18-34","none",9,0.644349002739273,4
"S043","low","male","18-34","none",10,0.131997502015285,6
"S044","low","male","18-34","none",1,0.701146378615125,6
"S044","low","male","18-34","none",2,0.778836373235374,5
"S044","low","male","18-34","none",3,0.765327513719752,5
"S044","low","male","18-34","none",4,0.486469330665922,6
"S044","low","male","18-34","none",5,0.393571343174672,5
"S044","low","male","18-34","none",6,0.881693135649302,6
"S044","low","male","18-34","none",7,0.649826296610136,4
"S044","low","male","18-34","none",8,0.587070380987225,5
"S044","low","male","18-34","none",9,0.463221508041456,5
"S044","low","male","18-34","none",10,0.619410666648125,7
"S045","low","male","35-49","none",1,0.547904631213105,7
"S045","low","male","35-49","none",2,0.498161151265416,7
"S045","low","male","35-49","none",3,0.565538007008715,6
"S045","low","male","35-49","none",4,0.541945599349725,4
"S045","low","male","35-49","none",5,0.887316979072452,5
"S045","low","male","35-49","none",6,0.793302459406999,5
"S045","low","male","35-49","none",7,0.472053731244303,5
"S045","low","male","35-49","none",8,0.546420667332043,5
"S045","low","male","35-49","none",9,0.465955238617749,5
"S045","low","male","35-49","none",10,0.778328462056438,5
"S046","low","male","35-49","none",1,0.46946003358549,5
"S046","low","male","35-49","none",2,0.422287958430265,6
"S046","low","male","35-49","none",3,0.513798632624123,4
"S046","low","male","35-49","none",4,0.542382561757015,5
"S046","low","male","35-49","none",5,0.673263452321554,5
"S046","low","male","35-49","none",6,0.775737084495612,4
"S046","low","male","35-49","none",7,0.719115330667494,5
"S046","low","male","35-49","none",8,0.591707139907482,5
"S046","low","male","35-49","none",9,0.666172947712766,6
"S046","low","male","35-49","none",10,0.30366087690826,6
"S047","low","male","35-49","none",1,0.527897657268396,6
"S047","low","male","35-49","none",2,0.64039469710445,4
"S047","low","male","35-49","none",3,0.476022552801028,5
"S047","low","male","35-49","none",4,0.734000052673387,4
"S047","low","male","35-49","none",5,0.389835637450989,5
"S047","low","male","35-49","none",6,0.736315202495749,5
"S047","low","male","35-49","none",7,0.76458879298723,5
"S047","low","male","35-49","none",8,0.174228125933038,4
"S047","low","male","35-49","none",9,0.790850853929865,5
"S047","low","male","35-49","none",10,0.506955731265691,3
"S048","low","male","18-34","none",1,0.425383018270479,7
"S048","low","male","18-34","none",2,0.667701488049222,6
"S048","low","male","18-34","none",3,0.648204174537161,5
"S048","low","male","18-34","none",4,0.31982450448093,6
"S048","low","male","18-34","none",5,0.669757521534942,6
"S048","low","male","18-34","none",6,0.681212246451244,4
"S048","low","male","18-34","none",7,0.34028340463297,6
"S048","low","male","18-34","none",8,0.638455692645226,6
"S048","low","male","18-34","none",9,0.583153200151624,5
"S048","low","male","18-34","none",10,0.410139112463415,5
"S049","low","male","18-34","none",1,0.368622336295838,5
"S049","low","male","18-34","none",2,0.635772787296574,6
"S049","low","male","18-34","none",3,0.686499460859564,5
"S049","low","male","18-34","none",4,0.595152789669859,2
"S049","low","male","18-34","none",5,0.586084609950063,7
"S049","low","male","18-34","none",6,0.262825771421452,7
"S049","low","male","18-34","none",7,0.790947944634146,5
"S049","low","male","18-34","none",8,0.676333258662234,7
"S049","low","male","18-34","none",9,0.493507765088802,4
"S049","low","male","18-34","none",10,0.658191076851051,4
"S050","low","male","50-65","college",1,0.439454475135352,5
"S050","low","male","50-65","college",2,0.557615239065735,5
"S050","low","male","50-65","college",3,0.394555921233982,5
"S050","low","male","50-65","college",4,0.897714878129596,5
"S050","low","male","50-65","college",5,0.482576515291307,6
"S050","low","male","50-65","college",6,0.569632700046648,7
"S050","low","male","50-65","college",7,0.637528537835977,5
"S050","low","male","50-65","college",8,0.584517674963945,7
"S050","low","male","50-65","college",9,0.411584258785524,4
"S050","low","male","50-65","college",10,0.547519868699454,3
"S051","baseline","female","18-34","highschool",1,0.683302120814503,5
"S051","baseline","female","18-34","highschool",2,0.912837796295521,4
"S051","baseline","female","18-34","highschool",3,0.760589565939471,4
"S051","baseline","female","18-34","highschool",4,0.601060343517818,4
"S051","baseline","female","18-34","highschool",5,0.766456060106325,4
"S051","baseline","female","18-34","highschool",6,0.864438233923112,5
"S051","baseline","female","18-34","highschool",7,0.724256422734345,4
"S051","baseline","female","18-34","highschool",8,0.573581274519318,2
"S051","baseline","female","18-34","highschool",9,0.83017217946153,4
"S051","baseline","female","18-34","highschool",10,0.519442393430599,4
"S052","baseline","female","18-34","college",1,0.565261604164622,5
"S052","baseline","female","18-34","college",2,0.756806503229226,6
"S052","baseline","female","18-34","college",3,0.535878187149188,6
"S052","baseline","female","18-34","college",4,0.674154408138298,6
"S052","baseline","female","18-34","college",5,0.291526214610295,5
"S052","baseline","female","18-34","college",6,0.589038835063785,4
"S052","baseline","female","18-34","college",7,0.440584490067888,4
"S052","baseline","female","18-34","college",8,0.863103691581325,4
"S052","baseline","female","18-34","college",9,0.703296303121687,5
"S052","baseline","female","18-34","college",10,0.634331847713476,5
"S053","baseline","female","18-34","highschool",1,0.579038952204589,5
"S053","baseline","female","18-34","highschool",2,0.490464634228881,5
"S053","baseline","female","18-34","highschool",3,0.744634030103137,3
"S053","baseline","female","18-34","highschool",4,0.654344725893305,4
"S053","baseline","female","18-34","highschool",5,0.44110802862817,4
"S053","baseline","female","18-34","highschool",6,0.985084313068801,5
"S053","baseline","female","18-34","highschool",7,0.848361786849825,3
"S053","baseline","female","18-34","highschool",8,0.623922499966686,4
"S053","baseline","female","18-34","highschool",9,1.07639831801017,5
"S053","baseline","female","18-34","highschool",10,0.849574011247546,5
"S054","baseline","female","50-65","college",1,0.631027796364696,6
"S054","baseline","female","50-65","college",2,0.568993744089854,5
"S054","baseline","female","50-65","college",3,0.599115078338518,5
"S054","baseline","female","50-65","college",4,0.793381357306768,5
"S054","baseline","female","50-65","college",5,0.693112984478567,3
"S054","baseline","female","50-65","college",6,0.436419855329542,4
"S054","baseline","female","50-65","college",7,0.576130098892713,6
"S054","baseline","female","50-65","college",8,0.599037827337492,5
"S054","baseline","female","50-65","college",9,0.993379547623366,6
"S054","baseline","female","50-65","college",10,0.635643411405657,4
"S055","baseline","female","18-34","none",1,0.78448268950437,5
"S055","baseline","female","18-34","none",2,0.774075668910352,3
"S055","baseline","female","18-34","none",3,0.553115201307692,7
"S055","baseline","female","18-34","none",4,0.906409810957972,5
"S055","baseline","female","18-34","none",5,0.629677745594937,3
"S055","baseline","female","18-34","none",6,0.717920870688803,3
"S055","baseline","female","18-34","none",7,0.753496202752917,5
"S055","baseline","female","18-34","none",8,0.724605829891402,5
"S055","baseline","female","18-34","none",9,0.541823359216374,5
"S055","baseline","female","18-34","none",10,0.478790260326869,5
"S056","baseline","female","18-34","none",1,0.594978140828476,6
"S056","baseline","female","18-34","none",2,0.955400337995323,6
"S056","baseline","female","18-34","none",3,0.640729164943072,4
"S056","baseline","female","18-34","none",4,0.621946418237413,5
"S056","baseline","female","18-34","none",5,0.774583979674386,2
"S056","baseline","female","18-34","none",6,0.626217603293725,4
"S056","baseline","female","18-34","none",7,0.846506624253127,4
"S056","baseline","female","18-34","none",8,0.394821526775413,4
"S056","baseline","female","18-34","none",9,0.781429330301022,4
"S056","baseline","female","18-34","none",10,0.774463302244643,7
"S057","baseline","female","50-65","none",1,0.475114161007787,7
"S057","baseline","female","50-65","none",2,0.542640009958816,6
"S057","baseline","female","50-65","none",3,0.818542700658971,5
"S057","baseline","female","50-65","none",4,0.705338107854959,5
"S057","baseline","female","50-65","none",5,0.343177079229907,4
"S057","baseline","female","50-65","none",6,0.555079279028819,7
"S057","baseline","female","50-65","none",7,0.693085048314309,5
"S057","baseline","female","50-65","none",8,0.78230306575919,5
"S057","baseline","female","50-65","none",9,0.879842103576584,6
"S057","baseline","female","50-65","none",10,0.599918062515678,5
"S058","baseline","female","50-65","college",1,0.747344185933045,4
"S058","baseline","female","50-65","college",2,0.720360502718844,4
"S058","baseline","female","50-65","college",3,0.553651777915368,4
"S058","baseline","female","50-65","college",4,0.806006556151699,5
"S058","baseline","female","50-65","college",5,0.73107454247842,5
"S058","baseline","female","50-65","college",6,0.819753453012946,5
"S058","baseline","female","50-65","college",7,0.622446212892953,5
"S058","baseline","female","50-65","college",8,0.697473323009911,5
"S058","baseline","female","50-65","college",9,0.79496889793615,5
"S058","baseline","female","50-65","college",10,0.65352630594679,5
"S059","baseline","female","18-34","college",1,0.555475788907586,3
"S059","baseline","female","18-34","college",2,0.840184033909644,5
"S059","baseline","female","18-34","college",3,0.987555441773938,4
"S059","baseline","female","18-34","college",4,0.723907232063924,4
"S059","baseline","female","18-34","college",5,0.958747367271512,7
"S059","baseline","female","18-34","college",6,0.91085316785319,5
"S059","baseline","female","18-34","college",7,0.321776917963668,4
"S059","baseline","female","18-34","college",8,0.667688491497838,5
"S059","baseline","female","18-34","college",9,0.768758507627666,5
"S059","baseline","female","18-34","college",10,0.510362914362004,5
"S060","baseline","female","50-65","college",1,0.729186986402908,3
"S060","baseline","female","50-65","college",2,0.785256924779014,4
"S060","baseline","female","50-65","college",3,0.752308684311218,5
"S060","baseline","female","50-65","college",4,0.955515135937637,6
"S060","baseline","female","50-65","college",5,0.206520725605783,5
"S060","baseline","female","50-65","college",6,0.67833558687124,3
"S060","baseline","female","50-65","college",7,0.687674503778037,5
"S060","baseline","female","50-65","college",8,0.87191082535919,4
"S060","baseline","female","50-65","college",9,0.617984619247854,5
"S060","baseline","female","50-65","college",10,0.554648395595731,6
"S061","baseline","female","35-49","college",1,0.652827575333596,3
"S061","baseline","female","35-49","college",2,0.77104872394033,5
"S061","baseline","female","35-49","college",3,0.648857954748847,4
"S061","baseline","female","35-49","college",4,0.733062755484452,3
"S061","baseline","female","35-49","college",5,0.796165844031811,3
"S061","baseline","female","35-49","college",6,0.53594811691998,5
"S061","baseline","female","35-49","college",7,0.57151081087035,4
"S061","baseline","female","35-49","college",8,0.594419788392422,4
"S061","baseline","female","35-49","college",9,0.600661638481358,4
"S061","baseline","female","35-49","college",10,1.01371190290621,5
"S062","baseline","female","50-65","none",1,0.773624339218503,4
"S062","baseline","female","50-65","none",2,0.561151932923085,5
"S062","baseline","female","50-65","none",3,0.803626433829544,6
"S062","baseline","female","50-65","none",4,0.456356364192895,6
"S062","baseline","female","50-65","none",5,0.58229210004715,5
"S062","baseline","female","50-65","none",6,0.551477707746993,5
"S062","baseline","female","50-65","none",7,0.744152689611271,5
"S062","baseline","female","50-65","none",8,0.923916167245672,4
"S062","baseline","female","50-65","none",9,0.851189063598047,5
"S062","baseline","female","50-65","none",10,0.504304940129988,5
"S063","baseline","female","35-49","none",1,0.728297000632651,6
"S063","baseline","female","35-49","none",2,0.629348251783649,5
"S063","baseline","female","35-49","none",3,0.688887541533262,7
"S063","baseline","female","35-49","none",4,0.655068674662957,4
"S063","baseline","female","35-49","none",5,0.376008325136686,6
"S063","baseline","female","35-49","none",6,0.376992382392532,3
"S063","baseline","female","35-49","none",7,0.647914778445849,3
"S063","baseline","female","35-49","none",8,0.611162183916734,6
"S063","baseline","female","35-49","none",9,0.575654478832432,4
"S063","baseline","female","35-49","none",10,0.621331879455512,4
"S064","baseline","female","35-49","none",1,0.651084913454686,5
"S064","baseline","female","35-49","none",2,0.809413347028461,5
"S064","baseline","female","35-49","none",3,0.51990427892499,4
"S064","baseline","female","35-49","none",4,0.848226049277196,4
"S064","baseline","female","35-49","none",5,0.943531570140546,3
"S064","baseline","female","35-49","none",6,0.78990958491151,4
"S064","baseline","female","35-49","none",7,0.650016167852893,4
"S064","baseline","female","35-49","none",8,0.626371868860953,4
"S064","baseline","female","35-49","none",9,0.318164270661409,5
"S064","baseline","female","35-49","none",10,0.610214138106901,4
"S065","baseline","female","50-65","college",1,0.782407540399441,6
"S065","baseline","female","50-65","college",2,0.501888065807178,5
"S065","baseline","female","50-65","college",3,0.546118966324438,5
"S065","baseline","female","50-65","college",4,0.584877139623896,7
"S065","baseline","female","50-65","college",5,0.786603960899587,4
"S065","baseline","female","50-65","college",6,0.719802629817102,5
"S065","baseline","female","50-65","college",7,0.528645603834643,5
"S065","baseline","female","50-65","college",8,0.430208695429121,5
"S065","baseline","female","50-65","college",9,0.65611615324169,5
"S065","baseline","female","50-65","college",10,0.632010106064666,5
"S066","baseline","female","18-34","college",1,0.723364107607983,5
"S066","baseline","female","18-34","college",2,0.690255282147348,4
"S066","baseline","female","18-34","college",3,0.984830986031836,5
"S066","baseline","female","18-34","college",4,0.951021271658136,5
"S066","baseline","female","18-34","college",5,0.816429695981939,6
"S066","baseline","female","18-34","college",6,0.749771646110255,3
"S066","baseline","female","18-34","college",7,0.767449549736602,5
"S066","baseline","female","18-34","college",8,0.612536670150687,5
"S066","baseline","female","18-34","college",9,0.545250576189882,4
"S066","baseline","female","18-34","college",10,0.708923365631996,6
"S067","baseline","female","50-65","none",1,0.851205745846414,4
"S067","baseline","female","50-65","none",2,0.394831325900284,5
"S067","baseline","female","50-65","none",3,1.04279380939091,4
"S067","baseline","female","50-65","none",4,0.973741154703908,5
"S067","baseline","female","50-65","none",5,0.392779772103832,4
"S067","baseline","female","50-65","none",6,0.533758057144986,2
"S067","baseline","female","50-65","none",7,0.657381048989081,4
"S067","baseline","female","50-65","none",8,0.558496530031991,3
"S067","baseline","female","50-65","none",9,0.552636502125653,4
"S067","baseline","female","50-65","none",10,0.595404744779645,7
"S068","baseline","female","50-65","none",1,0.717434792986949,5
"S068","baseline","female","50-65","none",2,0.986521254613043,5
"S068","baseline","female","50-65","none",3,0.499621093343713,4
"S068","baseline","female","50-65","none",4,0.512758293586396,4
"S068","baseline","female","50-65","none",5,0.909953597678364,5
"S068","baseline","female","50-65","none",6,0.648612810422703,6
"S068","baseline","female","50-65","none",7,0.723909714648063,5
"S068","baseline","female","50-65","none",8,0.491993786350716,4
"S068","baseline","female","50-65","none",9,0.936712507533211,4
"S068","baseline","female","50-65","none",10,0.38822362711161,4
"S069","baseline","female","18-34","highschool",1,0.686556354961253,2
"S069","baseline","female","18-34","highschool",2,0.718007849078796,5
"S069","baseline","female","18-34","highschool",3,0.606698449335027,4
"S069","baseline","female","18-34","highschool",4,1.19279884446661,4
"S069","baseline","female","18-34","highschool",5,1.0854677526538,5
"S069","baseline","female","18-34","highschool",6,0.603801706636582,4
"S069","baseline","female","18-34","highschool",7,0.81313262221484,3
"S069","baseline","female","18-34","highschool",8,0.500980711589136,4
"S069","baseline","female","18-34","highschool",9,0.731097245875322,2
"S069","baseline","female","18-34","highschool",10,0.732227926414321,5
"S070","baseline","female","50-65","college",1,0.529818540993175,4
"S070","baseline","female","50-65","college",2,0.681679202260974,6
"S070","baseline","female","50-65","college",3,0.791686705680167,3
"S070","baseline","female","50-65","college",4,0.400616698655722,5
"S070","baseline","female","50-65","college",5,0.654250802648982,2
"S070","baseline","female","50-65","college",6,0.663880960116717,4
"S070","baseline","female","50-65","college",7,0.899277805731296,4
"S070","baseline","female","50-65","college",8,0.672222975232082,4
"S070","baseline","female","50-65","college",9,1.21579419556335,4
"S070","baseline","female","50-65","college",10,0.705934265751484,2
"S071","baseline","female","50-65","none",1,0.901175522504516,5
"S071","baseline","female","50-65","none",2,0.637743838312698,6
"S071","baseline","female","50-65","none",3,0.60981305932393,5
"S071","baseline","female","50-65","none",4,0.772546974506362,5
"S071","baseline","female","50-65","none",5,0.93369792482712,5
"S071","baseline","female","50-65","none",6,0.556446591996095,5
"S071","baseline","female","50-65","none",7,0.617951388123938,6
"S071","baseline","female","50-65","none",8,0.391411850618113,4
"S071","baseline","female","50-65","none",9,0.631001958900108,6
"S071","baseline","female","50-65","none",10,0.748921908557475,5
"S072","baseline","female","50-65","none",1,0.724289140980984,4
"S072","baseline","female","50-65","none",2,0.484015261421102,5
"S072","baseline","female","50-65","none",3,0.523825678814346,4
"S072","baseline","female","50-65","none",4,0.558463398478146,4
"S072","baseline","female","50-65","none",5,0.37867859670685,6
"S072","baseline","female","50-65","none",6,0.689324631645276,6
"S072","baseline","female","50-65","none",7,0.62254333445858,4
"S072","baseline","female","50-65","none",8,0.645743886386119,6
"S072","baseline","female","50-65","none",9,0.440734925021588,5
"S072","baseline","female","50-65","none",10,0.813246242076725,5
"S073","baseline","female","35-49","highschool",1,0.751077672768659,6
"S073","baseline","female","35-49","highschool",2,0.741844620023177,5
"S073","baseline","female","35-49","highschool",3,0.762906146190034,5
"S073","baseline","female","35-49","highschool",4,0.423767559590091,4
"S073","baseline","female","35-49","highschool",5,1.11948265802695,4
"S073","baseline","female","35-49","highschool",6,0.929063040242683,5
"S073","baseline","female","35-49","highschool",7,0.691545687105593,5
"S073","baseline","female","35-49","highschool",8,0.773683229155422,4
"S073","baseline","female","35-49","highschool",9,0.330663508384193,4
"S073","baseline","female","35-49","highschool",10,0.423987817532403,7
"S074","baseline","female","35-49","highschool",1,0.57123219400544,5
"S074","baseline","female","35-49","highschool",2,0.686425317619338,4
"S074","baseline","female","35-49","highschool",3,0.732560508334177,2
"S074","baseline","female","35-49","highschool",4,0.675380926213752,4
"S074","baseline","female","35-49","highschool",5,0.523792016002156,3
"S074","baseline","female","35-49","highschool",6,0.498582687156609,4
"S074","baseline","female","35-49","highschool",7,0.839027004870235,3
"S074","baseline","female","35-49","highschool",8,0.544391076578487,5
"S074","baseline","female","35-49","highschool",9,0.780203547782719,6
"S074","baseline","female","35-49","highschool",10,0.820516075880335,3
"S075","baseline","female","18-34","college",1,0.568729325791164,3
"S075","baseline","female","18-34","college",2,0.579353572321261,3
"S075","baseline","female","18-34","college",3,0.654114195765038,5
"S075","baseline","female","18-34","college",4,0.780199765173838,5
"S075","baseline","female","18-34","college",5,0.672605794392247,5
"S075","baseline","female","18-34","college",6,0.566454516269711,3
"S075","baseline","female","18-34","college",7,0.912669773667484,4
"S075","baseline","female","18-34","college",8,1.06108421733745,5
"S075","baseline","female","18-34","college",9,0.809080319721796,5
"S075","baseline","female","18-34","college",10,0.721901727202006,4
"S076","baseline","male","18-34","none",1,0.634751733620657,5
"S076","baseline","male","18-34","none",2,0.588539739807517,5
"S076","baseline","male","18-34","none",3,0.200942925454909,5
"S076","baseline","male","18-34","none",4,0.760362645890953,4
"S076","baseline","male","18-34","none",5,0.959183287624608,6
"S076","baseline","male","18-34","none",6,1.04006035192957,6
"S076","baseline","male","18-34","none",7,0.715010822197466,5
"S076","baseline","male","18-34","none",8,0.702381549605255,5
"S076","baseline","male","18-34","none",9,0.78972340346499,4
"S076","baseline","male","18-34","none",10,0.736382299088702,5
"S077","baseline","male","35-49","college",1,0.282587899737999,4
"S077","baseline","male","35-49","college",2,0.749270216479431,4
"S077","baseline","male","35-49","college",3,0.493653057680424,5
"S077","baseline","male","35-49","college",4,1.01628997578938,5
"S077","baseline","male","35-49","college",5,0.693556091097483,4
"S077","baseline","male","35-49","college",6,0.73235650026676,6
"S077","baseline","male","35-49","college",7,0.906572556794003,5
"S077","baseline","male","35-49","college",8,0.397372904407843,5
"S077","baseline","male","35-49","college",9,0.630609434620698,5
"S077","baseline","male","35-49","college",10,0.771147798056488,5
"S078","baseline","male","35-49","college",1,0.723916627653858,3
"S078","baseline","male","35-49","college",2,0.73431456011711,6
"S078","baseline","male","35-49","college",3,0.697683630898681,4
"S078","baseline","male","35-49","college",4,0.482143870735229,4
"S078","baseline","male","35-49","college",5,0.533026869882134,4
"S078","baseline","male","35-49","college",6,0.858563727070654,4
"S078","baseline","male","35-49","college",7,0.777234247928321,5
"S078","baseline","male","35-49","college",8,0.839001021449566,5
"S078","baseline","male","35-49","college",9,0.511490002922908,1
"S078","baseline","male","35-49","college",10,0.503798294932896,5
"S079","baseline","male","35-49","highschool",1,0.283287219776358,5
"S079","baseline","male","35-49","highschool",2,0.837186440886452,4
"S079","baseline","male","35-49","highschool",3,0.728993833313312,6
"S079","baseline","male","35-49","highschool",4,0.865292547302054,5
"S079","baseline","male","35-49","highschool",5,0.70956269803537,7
"S079","baseline","male","35-49","highschool",6,0.781571702625057,4
"S079","baseline","male","35-49","highschool",7,0.585174927603938,3
"S079","baseline","male","35-49","highschool",8,0.732286465099348,4
"S079","baseline","male","35-49","highschool",9,0.283016520910693,2
"S079","baseline","male","35-49","highschool",10,0.821397400316283,5
"S080","baseline","male","35-49","none",1,0.706364353799303,4
"S080","baseline","male","35-49","none",2,0.504155838525709,4
"S080","baseline","male","35-49","none",3,0.93716515353315,5
"S080","baseline","male","35-49","none",4,0.732773735519884,4
"S080","baseline","male","35-49","none",5,0.907544319954305,3
"S080","baseline","male","35-49","none",6,0.848149070318866,5
"S080","baseline","male","35-49","none",7,0.464298528304401,3
"S080","baseline","male","35-49","none",8,0.633384380012572,6
"S080","baseline","male","35-49","none",9,1.01470647106364,7
"S080","baseline","male","35-49","none",10,0.995700335663762,4
"S081","baseline","male","50-65","college",1,0.760669428303411,4
"S081","baseline","male","50-65","college",2,0.711398922189461,5
"S081","baseline","male","50-65","college",3,0.611703520122845,4
"S081","baseline","male","50-65","college",4,0.782663159907805,7
"S081","baseline","male","50-65","college",5,0.559016985987143,6
"S081","baseline","male","50-65","college",6,0.787424829801778,6
"S081","baseline","male","50-65","college",7,0.61361361757221,3
"S081","baseline","male","50-65","college",8,0.687325541848303,5
"S081","baseline","male","50-65","college",9,0.594818729904991,6
"S081","baseline","male","50-65","college",10,0.639216352979757,3
"S082","baseline","male","18-34","college",1,0.634734263989319,5
"S082","baseline","male","18-34","college",2,0.561466405112412,6
"S082","baseline","male","18-34","college",3,0.614829246969297,7
"S082","baseline","male","18-34","college",4,0.587219409758528,6
"S082","baseline","male","18-34","college",5,0.721392457341739,5
"S082","baseline","male","18-34","college",6,0.707244651935475,6
"S082","baseline","male","18-34","college",7,0.785028181716958,6
"S082","baseline","male","18-34","college",8,0.916797277439883,5
"S082","baseline","male","18-34","college",9,0.561150915870124,5
"S082","baseline","male","18-34","college",10,0.916976827811554,5
"S083","baseline","male","18-34","highschool",1,0.614518503869284,4
"S083","baseline","male","18-34","highschool",2,0.317237902415068,4
"S083","baseline","male","18-34","highschool",3,0.468089167613599,6
"S083","baseline","male","18-34","highschool",4,0.649225068611581,5
"S083","baseline","male","18-34","highschool",5,0.789499934385599,4
"S083","baseline","male","18-34","highschool",6,0.6503781720145,2
"S083","baseline","male","18-34","highschool",7,0.714014020357042,3
"S083","baseline","male","18-34","highschool",8,0.588763567934421,5
"S083","baseline","male","18-34","highschool",9,0.63078728672394,4
"S083","baseline","male","18-34","highschool",10,0.598699697397552,6
"S084","baseline","male","50-65","college",1,0.706540818998453,4
"S084","baseline","male","50-65","college",2,0.448454372059967,4
"S084","baseline","male","50-65","college",3,0.628434032863086,5
"S084","baseline","male","50-65","college",4,0.624983051895841,6
"S084","baseline","male","50-65","college",5,0.872609503515189,5
"S084","baseline","male","50-65","college",6,0.649158755297551,4
"S084","baseline","male","50-65","college",7,0.510820965017323,5
"S084","baseline","male","50-65","college",8,0.575342485460206,5
"S084","baseline","male","50-65","college",9,0.533832675720108,4
"S084","baseline","male","50-65","college",10,0.899401484443681,5
"S085","baseline","male","18-34","highschool",1,0.720711034530141,5
"S085","baseline","male","18-34","highschool",2,0.864396094488499,2
"S085","baseline","male","18-34","highschool",3,0.931966266471082,3
"S085","baseline","male","18-34","highschool",4,0.993431846923225,4
"S085","baseline","male","18-34","highschool",5,0.659279516787418,4
"S085","baseline","male","18-34","highschool",6,0.573861423628988,6
"S085","baseline","male","18-34","highschool",7,0.297189403935234,3
"S085","baseline","male","18-34","highschool",8,0.89856136286751,4
"S085","baseline","male","18-34","highschool",9,0.964645241815522,5
"S085","baseline","male","18-34","highschool",10,0.500232609919483,4
"S086","baseline","male","35-49","none",1,0.560410576594652,5
"S086","baseline","male","35-49","none",2,0.687450298582136,5
"S086","baseline","male","35-49","none",3,1.01083799263321,3
"S086","baseline","male","35-49","none",4,0.787501259892825,6
"S086","baseline","male","35-49","none",5,0.561122330010437,4
"S086","baseline","male","35-49","none",6,0.349990042037587,5
"S086","baseline","male","35-49","none",7,0.83904629881509,4
"S086","baseline","male","35-49","none",8,1.15738173380671,4
"S086","baseline","male","35-49","none",9,0.707925238961419,6
"S086","baseline","male","35-49","none",10,0.88014922766794,4
"S087","baseline","male","35-49","none",1,0.848537875741726,6
"S087","baseline","male","35-49","none",2,0.847345136119457,4
"S087","baseline","male","35-49","none",3,0.844268342868482,7
"S087","baseline","male","35-49","none",4,0.332439655631332,5
"S087","baseline","male","35-49","none",5,0.642183053125377,5
"S087","baseline","male","35-49","none",6,0.705958570696218,6
"S087","baseline","male","35-49","none",7,0.641545167146542,5
"S087","baseline","male","35-49","none",8,0.895131854139659,6
"S087","baseline","male","35-49","none",9,0.720319847807821,5
"S087","baseline","male","35-49","none",10,0.842548306326001,5
"S088","baseline","male","50-65","college",1,0.803964975530542,6
"S088","baseline","male","50-65","college",2,0.716358657485859,6
"S088","baseline","male","50-65","college",3,0.913065514407753,4
"S088","baseline","male","50-65","college",4,0.335161116622792,4
"S088","baseline","male","50-65","college",5,0.850376758639652,7
"S088","baseline","male","50-65","college",6,0.784377662218914,4
"S088","baseline","male","50-65","college",7,0.53169680002012,5
"S088","baseline","male","50-65","college",8,0.748286551530504,4
"S088","baseline","male","50-65","college",9,0.965998445215055,6
"S088","baseline","male","50-65","college",10,0.907307534422333,6
"S089","baseline","male","35-49","highschool",1,0.819812976350702,4
"S089","baseline","male","35-49","highschool",2,0.983048184941338,3
"S089","baseline","male","35-49","highschool",3,0.85015935315083,5
"S089","baseline","male","35-49","highschool",4,0.599653272458442,4
"S089","baseline","male","35-49","highschool",5,0.83702802331403,4
"S089","baseline","male","35-49","highschool",6,0.824617528531184,4
"S089","baseline","male","35-49","highschool",7,0.86380477438985,6
"S089","baseline","male","35-49","highschool",8,1.14015893634756,4
"S089","baseline","male","35-49","highschool",9,0.495908466763415,3
"S089","baseline","male","35-49","highschool",10,0.881812542558226,5
"S090","baseline","male","35-49","college",1,0.705531020788772,6
"S090","baseline","male","35-49","college",2,0.618345131309745,7
"S090","baseline","male","35-49","college",3,0.854164153630576,6
"S090","baseline","male","35-49","college",4,0.740295235066476,4
"S090","baseline","male","35-49","college",5,0.693635905070364,5
"S090","baseline","male","35-49","college",6,0.455607572166589,4
"S090","baseline","male","35-49","college",7,0.559703227889032,3
"S090","baseline","male","35-49","college",8,0.567860423531619,6
"S090","baseline","male","35-49","college",9,0.849982842958656,5
"S090","baseline","male","35-49","college",10,0.934600114713985,5
"S091","baseline","male","18-34","highschool",1,0.900321380460179,4
"S091","baseline","male","18-34","highschool",2,0.581738524067202,3
"S091","baseline","male","18-34","highschool",3,0.739861091594413,5
"S091","baseline","male","18-34","highschool",4,0.746906599731222,4
"S091","baseline","male","18-34","highschool",5,0.902784751691722,6
"S091","baseline","male","18-34","highschool",6,0.822091193054423,4
"S091","baseline","male","18-34","highschool",7,0.759882076943189,5
"S091","baseline","male","18-34","highschool",8,0.8068051709757,4
"S091","baseline","male","18-34","highschool",9,0.785609532147969,5
"S091","baseline","male","18-34","highschool",10,0.633755389190819,3
"S092","baseline","male","35-49","college",1,0.397195614676402,5
"S092","baseline","male","35-49","college",2,0.471996635022423,5
"S092","baseline","male","35-49","college",3,0.679553983759963,4
"S092","baseline","male","35-49","college",4,0.794458038963598,5
"S092","baseline","male","35-49","college",5,0.686645938269473,7
"S092","baseline","male","35-49","college",6,0.337744042186361,5
"S092","baseline","male","35-49","college",7,0.753591709215185,6
"S092","baseline","male","35-49","college",8,0.811880707345771,6
"S092","baseline","male","35-49","college",9,0.898014681946792,7
"S092","baseline","male","35-49","college",10,0.947775623203638,6
"S093","baseline","male","18-34","college",1,0.6018787741085,6
"S093","baseline","male","18-34","college",2,0.597618890249892,5
"S093","baseline","male","18-34","college",3,0.885229098350196,6
"S093","baseline","male","18-34","college",4,0.621209352914607,3
"S093","baseline","male","18-34","college",5,0.549276009241718,5
"S093","baseline","male","18-34","college",6,0.497979906051955,6
"S093","baseline","male","18-34","college",7,0.619452041262684,4
"S093","baseline","male","18-34","college",8,0.914387102968592,5
"S093","baseline","male","18-34","college",9,0.605090017648649,3
"S093","baseline","male","18-34","college",10,0.898086495135319,4
"S094","baseline","male","35-49","highschool",1,0.515604285782071,6
"S094","baseline","male","35-49","highschool",2,0.738004970836247,3
"S094","baseline","male","35-49","highschool",3,0.645444959830575,6
"S094","baseline","male","35-49","highschool",4,0.874099020175153,7
"S094","baseline","male","35-49","highschool",5,0.740513591710422,6
"S094","baseline","male","35-49","highschool",6,0.460692099544622,3
"S094","baseline","male","35-49","highschool",7,0.665505211220348,6
"S094","baseline","male","35-49","highschool",8,0.435852302971021,4
"S094","baseline","male","35-49","highschool",9,0.454862436069799,3
"S094","baseline","male","35-49","highschool",10,0.47547745861189,5
"S095","baseline","male","35-49","college",1,0.773452579355674,6
"S095","baseline","male","35-49","college",2,1.03272504237635,6
"S095","baseline","male","35-49","college",3,0.661432897415931,4
"S095","baseline","male","35-49","college",4,0.700146139335037,6
"S095","baseline","male","35-49","college",5,0.485458682917435,5
"S095","baseline","male","35-49","college",6,0.500802994316297,4
"S095","baseline","male","35-49","college",7,0.753887995846132,6
"S095","baseline","male","35-49","college",8,0.802798256995438,4
"S095","baseline","male","35-49","college",9,0.511186414120137,5
"S095","baseline","male","35-49","college",10,0.679211298147028,5
"S096","baseline","male","18-34","college",1,0.589239630076364,5
"S096","baseline","male","18-34","college",2,0.954227584407446,4
"S096","baseline","male","18-34","college",3,0.786421068669278,4
"S096","baseline","male","18-34","college",4,0.665514612576751,5
"S096","baseline","male","18-34","college",5,0.67920076510712,5
"S096","baseline","male","18-34","college",6,0.838441685757856,4
"S096","baseline","male","18-34","college",7,0.502758006387942,3
"S096","baseline","male","18-34","college",8,0.784219390185615,5
"S096","baseline","male","18-34","college",9,0.720604394646341,5
"S096","baseline","male","18-34","college",10,0.56302006470295,3
"S097","baseline","male","50-65","none",1,0.576954517928085,5
"S097","baseline","male","50-65","none",2,0.787981305869757,4
"S097","baseline","male","50-65","none",3,0.58704886050136,5
"S097","baseline","male","50-65","none",4,0.73160461534936,6
"S097","baseline","male","50-65","none",5,0.916676658017239,5
"S097","baseline","male","50-65","none",6,0.309985286876305,6
"S097","baseline","male","50-65","none",7,0.530765014192773,5
"S097","baseline","male","50-65","none",8,0.687379867228351,5
"S097","baseline","male","50-65","none",9,0.939586996258572,6
"S097","baseline","male","50-65","none",10,0.99719056541855,7
"S098","baseline","male","50-65","highschool",1,0.539563575404453,3
"S098","baseline","male","50-65","highschool",2,0.447337628845289,4
"S098","baseline","male","50-65","highschool",3,0.64978611798293,6
"S098","baseline","male","50-65","highschool",4,0.768436476097467,4
"S098","baseline","male","50-65","highschool",5,0.680028784958556,5
"S098","baseline","male","50-65","highschool",6,0.76552270778458,4
"S098","baseline","male","50-65","highschool",7,0.75623210110332,4
"S098","baseline","male","50-65","highschool",8,0.915485245403537,6
"S098","baseline","male","50-65","highschool",9,0.599002397307525,3
"S098","baseline","male","50-65","highschool",10,0.613197399163264,6
"S099","baseline","male","35-49","highschool",1,0.607124014506091,5
"S099","baseline","male","35-49","highschool",2,0.45625147391296,5
"S099","baseline","male","35-49","highschool",3,0.425594643431573,3
"S099","baseline","male","35-49","highschool",4,0.692463781963849,6
"S099","baseline","male","35-49","highschool",5,0.77979069995781,2
"S099","baseline","male","35-49","highschool",6,0.706544850177081,3
"S099","baseline","male","35-49","highschool",7,0.962688908325929,5
"S099","baseline","male","35-49","highschool",8,0.911154185019789,4
"S099","baseline","male","35-49","highschool",9,0.494970703089704,5
"S099","baseline","male","35-49","highschool",10,0.660520025392774,4
"S100","baseline","male","35-49","highschool",1,0.649380321762439,6
"S100","baseline","male","35-49","highschool",2,0.6917488772007,5
"S100","baseline","male","35-49","highschool",3,0.665188165920483,5
"S100","baseline","male","35-49","highschool",4,0.72285010997848,5
"S100","baseline","male","35-49","highschool",5,0.723623861348482,6
"S100","baseline","male","35-49","highschool",6,0.568498834915314,4
"S100","baseline","male","35-49","highschool",7,0.748801539853037,3
"S100","baseline","male","35-49","highschool",8,0.875263959669316,4
"S100","baseline","male","35-49","highschool",9,0.593679725476148,4
"S100","baseline","male","35-49","highschool",10,0.711419155837001,6
"S101","high","female","18-34","college",1,0.0674006330228215,5
"S101","high","female","18-34","college",2,0.0843195159695536,4
"S101","high","female","18-34","college",3,0.630939982003585,3
"S101","high","female","18-34","college",4,0.21367805719662,5
"S101","high","female","18-34","college",5,0.167281989644168,4
"S101","high","female","18-34","college",6,0.458024862873642,5
"S101","high","female","18-34","college",7,0.495243227910395,5
"S101","high","female","18-34","college",8,0.775732121669507,4
"S101","high","female","18-34","college",9,0.190604814902396,3
"S101","high","female","18-34","college",10,0.272705157386906,4
"S102","high","female","35-49","college",1,0.303129521950792,5
"S102","high","female","35-49","college",2,0.188543075813285,4
"S102","high","female","35-49","college",3,0.611177463540438,4
"S102","high","female","35-49","college",4,0.274143821374489,5
"S102","high","female","35-49","college",5,0.576241107127319,6
"S102","high","female","35-49","college",6,0.655081022629115,4
"S102","high","female","35-49","college",7,0.279407039303828,4
"S102","high","female","35-49","college",8,0.0878871957593048,4
"S102","high","female","35-49","college",9,0.268145645458016,4
"S102","high","female","35-49","college",10,0.284368914744251,5
"S103","high","female","35-49","highschool",1,0.262160138652003,4
"S103","high","female","35-49","highschool",2,0.183774827922255,3
"S103","high","female","35-49","highschool",3,0.300844051283898,3
"S103","high","female","35-49","highschool",4,0.201152217687045,3
"S103","high","female","35-49","highschool",5,0.188852714802896,2
"S103","high","female","35-49","highschool",6,0.0616668321676951,6
"S103","high","female","35-49","highschool",7,0.339117853620598,4
"S103","high","female","35-49","highschool",8,0.233914537150323,5
"S103","high","female","35-49","highschool",9,0.357389138132379,4
"S103","high","female","35-49","highschool",10,0.181602707815865,3
"S104","high","female","18-34","none",1,0.398570586116266,4
"S104","high","female","18-34","none",2,0.471446756949857,1
"S104","high","female","18-34","none",3,0.145566177316159,4
"S104","high","female","18-34","none",4,0.354066272660364,4
"S104","high","female","18-34","none",5,0.114307032714703,3
"S104","high","female","18-34","none",6,0.292254036416342,4
"S104","high","female","18-34","none",7,0.158346075462841,4
"S104","high","female","18-34","none",8,0.14595968810022,4
"S104","high","female","18-34","none",9,0.629808124305103,2
"S104","high","female","18-34","none",10,0.368372968013786,4
"S105","high","female","18-34","highschool",1,0.172121734892713,5
"S105","high","female","18-34","highschool",2,0.0823254112790066,4
"S105","high","female","18-34","highschool",3,0.353629808767639,4
"S105","high","female","18-34","highschool",4,0.299447787856741,5
"S105","high","female","18-34","highschool",5,0.149409052955526,5
"S105","high","female","18-34","highschool",6,0.468819347995632,5
"S105","high","female","18-34","highschool",7,0.251987908122481,6
"S105","high","female","18-34","highschool",8,0.40999106374386,4
"S105","high","female","18-34","highschool",9,0.307530848610055,5
"S105","high","female","18-34","highschool",10,0.323741587260604,5
"S106","high","female","18-34","highschool",1,0.255941020992558,3
"S106","high","female","18-34","highschool",2,0.315392148308583,5
"S106","high","female","18-34","highschool",3,0.302977612100136,5
"S106","high","female","18-34","highschool",4,0.232584336467094,6
"S106","high","female","18-34","highschool",5,0.390731680719965,4
"S106","high","female","18-34","highschool",6,0.318011175960902,3
"S106","high","female","18-34","highschool",7,0.195917291372588,3
"S106","high","female","18-34","highschool",8,0.207240841385185,5
"S106","high","female","18-34","highschool",9,0.156235024489954,4
"S106","high","female","18-34","highschool",10,0.309984227740316,5
"S107","high","female","50-65","none",1,0.576481983067517,3
"S107","high","female","50-65","none",2,0.361028249818231,4
"S107","high","female","50-65","none",3,0.31588437041725,5
"S107","high","female","50-65","none",4,0.208263615191115,4
"S107","high","female","50-65","none",5,0.39784590485419,5
"S107","high","female","50-65","none",6,0.388930033161331,4
"S107","high","female","50-65","none",7,0.180324272898097,5
"S107","high","female","50-65","none",8,0.426135789467628,5
"S107","high","female","50-65","none",9,0.566426602169243,5
"S107","high","female","50-65","none",10,0.192903442071456,4
"S108","high","female","50-65","none",1,-0.136074430057469,6
"S108","high","female","50-65","none",2,-0.0100443705806192,7
"S108","high","female","50-65","none",3,0.223419839905555,4
"S108","high","female","50-65","none",4,0.118805646312221,4
"S108","high","female","50-65","none",5,0.207263868312321,5
"S108","high","female","50-65","none",6,0.346923452972214,3
"S108","high","female","50-65","none",7,0.166788876380394,5
"S108","high","female","50-65","none",8,0.357640899596505,5
"S108","high","female","50-65","none",9,0.180780958818035,4
"S108","high","female","50-65","none",10,0.27229738576125,6
"S109","high","female","50-65","highschool",1,0.289942212849775,5
"S109","high","female","50-65","highschool",2,0.280803602259387,4
"S109","high","female","50-65","highschool",3,-0.00504709769745182,2
"S109","high","female","50-65","highschool",4,0.265177996056492,4
"S109","high","female","50-65","highschool",5,0.342889446270848,4
"S109","high","female","50-65","highschool",6,0.565410701988947,3
"S109","high","female","50-65","highschool",7,0.371599086063198,4
"S109","high","female","50-65","highschool",8,0.35987751656406,3
"S109","high","female","50-65","highschool",9,0.00868960272335828,5
"S109","high","female","50-65","highschool",10,0.191510931393219,5
"S110","high","female","18-34","college",1,0.458926224476365,4
"S110","high","female","18-34","college",2,0.220434149905245,4
"S110","high","female","18-34","college",3,0.315451417660726,2
"S110","high","female","18-34","college",4,0.197958315400912,3
"S110","high","female","18-34","college",5,0.531721266004609,5
"S110","high","female","18-34","college",6,0.329524333920429,3
"S110","high","female","18-34","college",7,0.318320160439739,2
"S110","high","female","18-34","college",8,0.613611126219525,3
"S110","high","female","18-34","college",9,0.687736644610218,6
"S110","high","female","18-34","college",10,-0.00660150647675445,4
"S111","high","female","18-34","highschool",1,-0.0235334346381777,5
"S111","high","female","18-34","highschool",2,0.248708671297125,7
"S111","high","female","18-34","highschool",3,0.401476023479696,4
"S111","high","female","18-34","highschool",4,0.269554688432253,4
"S111","high","female","18-34","highschool",5,0.0274008849896952,6
"S111","high","female","18-34","highschool",6,0.278980347499012,6
"S111","high","female","18-34","highschool",7,0.277436499440065,6
"S111","high","female","18-34","highschool",8,0.20422568000945,6
"S111","high","female","18-34","highschool",9,0.799816295924307,5
"S111","high","female","18-34","highschool",10,0.521789962988356,7
"S112","high","female","50-65","highschool",1,0.16793085230902,5
"S112","high","female","50-65","highschool",2,0.367361743784868,4
"S112","high","female","50-65","highschool",3,0.464762261925562,3
"S112","high","female","50-65","highschool",4,0.539549503563331,4
"S112","high","female","50-65","highschool",5,0.321610901964983,4
"S112","high","female","50-65","highschool",6,0.390258537469592,6
"S112","high","female","50-65","highschool",7,0.0925252971830024,3
"S112","high","female","50-65","highschool",8,0.505132267830566,7
"S112","high","female","50-65","highschool",9,0.406202570582156,5
"S112","high","female","50-65","highschool",10,0.53251285219459,3
"S113","high","female","35-49","college",1,0.262574214724439,4
"S113","high","female","35-49","college",2,0.320843034406356,5
"S113","high","female","35-49","college",3,0.0809778955376621,5
"S113","high","female","35-49","college",4,0.187127953316747,5
"S113","high","female","35-49","college",5,0.0805991661457696,5
"S113","high","female","35-49","college",6,0.470684054868749,6
"S113","high","female","35-49","college",7,0.351807101849056,3
"S113","high","female","35-49","college",8,0.584226281475571,4
"S113","high","female","35-49","college",9,0.243077503951995,5
"S113","high","female","35-49","college",10,0.4413079509086,3
"S114","high","female","50-65","highschool",1,0.0729647936157117,6
"S114","high","female","50-65","highschool",2,0.666709357771162,5
"S114","high","female","50-65","highschool",3,0.473876491481419,3
"S114","high","female","50-65","highschool",4,0.526260627845302,4
"S114","high","female","50-65","highschool",5,0.160404905061144,4
"S114","high","female","50-65","highschool",6,0.266085705437048,4
"S114","high","female","50-65","highschool",7,0.0801966843449781,6
"S114","high","female","50-65","highschool",8,0.145704329034379,5
"S114","high","female","50-65","highschool",9,0.270583938782969,5
"S114","high","female","50-65","highschool",10,0.0261789623598676,4
"S115","high","female","35-49","highschool",1,0.152186729048621,3
"S115","high","female","35-49","highschool",2,0.557343878849999,6
"S115","high","female","35-49","highschool",3,-0.170245925429769,3
"S115","high","female","35-49","highschool",4,0.2509648668538,5
"S115","high","female","35-49","highschool",5,0.341918266824991,5
"S115","high","female","35-49","highschool",6,-0.108697638456822,4
"S115","high","female","35-49","highschool",7,0.406191715189995,3
"S115","high","female","35-49","highschool",8,0.20355732781529,3
"S115","high","female","35-49","highschool",9,0.619171369903999,3
"S115","high","female","35-49","highschool",10,0.186684112089757,3
"S116","high","female","35-49","college",1,0.233644208188463,4
"S116","high","female","35-49","college",2,0.479922520452033,5
"S116","high","female","35-49","college",3,0.361570174618928,5
"S116","high","female","35-49","college",4,0.345585416639937,4
"S116","high","female","35-49","college",5,0.414855057980508,3
"S116","high","female","35-49","college",6,0.460488386340384,5
"S116","high","female","35-49","college",7,0.139701787914355,4
"S116","high","female","35-49","college",8,0.361084732240453,4
"S116","high","female","35-49","college",9,0.532035991392005,5
"S116","high","female","35-49","college",10,0.387361398661336,6
"S117","high","female","35-49","none",1,0.291657967766278,2
"S117","high","female","35-49","none",2,0.00047665734964969,4
"S117","high","female","35-49","none",3,0.670675252013369,6
"S117","high","female","35-49","none",4,0.723356614234257,4
"S117","high","female","35-49","none",5,0.275072849321607,3
"S117","high","female","35-49","none",6,0.361140560926264,5
"S117","high","female","35-49","none",7,0.33634069499569,4
"S117","high","female","35-49","none",8,0.561070443363412,4
"S117","high","female","35-49","none",9,0.187380120881065,5
"S117","high","female","35-49","none",10,-0.000597513772576885,3
"S118","high","female","50-65","highschool",1,0.173069274330177,5
"S118","high","female","50-65","highschool",2,0.354765584533865,5
"S118","high","female","50-65","highschool",3,0.286808688184912,4
"S118","high","female","50-65","highschool",4,0.398526666288956,4
"S118","high","female","50-65","highschool",5,0.480127817377687,3
"S118","high","female","50-65","highschool",6,0.236631468053706,5
"S118","high","female","50-65","highschool",7,0.429622381653363,4
"S118","high","female","50-65","highschool",8,0.358126893416757,4
"S118","high","female","50-65","highschool",9,0.0733086936931433,5
"S118","high","female","50-65","highschool",10,0.459602370125245,3
"S119","high","female","18-34","none",1,0.325373469530551,3
"S119","high","female","18-34","none",2,0.0564344466296305,5
"S119","high","female","18-34","none",3,0.374671059160229,3
"S119","high","female","18-34","none",4,0.403226893271156,4
"S119","high","female","18-34","none",5,0.339700542970075,4
"S119","high","female","18-34","none",6,0.285112158026891,2
"S119","high","female","18-34","none",7,0.427242802664063,4
"S119","high","female","18-34","none",8,0.385209420412436,4
"S119","high","female","18-34","none",9,0.363891266490831,3
"S119","high","female","18-34","none",10,0.42625166644739,5
"S120","high","female","50-65","highschool",1,0.546172801675242,4
"S120","high","female","50-65","highschool",2,0.42853055465094,3
"S120","high","female","50-65","highschool",3,0.0765009086351783,5
"S120","high","female","50-65","highschool",4,0.474111682669227,5
"S120","high","female","50-65","highschool",5,0.274482965681142,3
"S120","high","female","50-65","highschool",6,0.0742931228174256,4
"S120","high","female","50-65","highschool",7,0.0496593415739734,2
"S120","high","female","50-65","highschool",8,0.346583561502401,4
"S120","high","female","50-65","highschool",9,0.0271264760444124,2
"S120","high","female","50-65","highschool",10,0.315105873227128,5
"S121","high","female","50-65","college",1,0.0744564769911855,5
"S121","high","female","50-65","college",2,-0.0377791874049551,5
"S121","high","female","50-65","college",3,0.0584262407549876,5
"S121","high","female","50-65","college",4,0.503554179071048,5
"S121","high","female","50-65","college",5,0.578712386436602,2
"S121","high","female","50-65","college",6,0.487792025754359,4
"S121","high","female","50-65","college",7,0.392182755962648,3
"S121","high","female","50-65","college",8,0.312251020988412,3
"S121","high","female","50-65","college",9,0.189633687789932,3
"S121","high","female","50-65","college",10,0.144454354054546,3
"S122","high","female","35-49","highschool",1,0.130193632383539,3
"S122","high","female","35-49","highschool",2,0.107540330389658,4
"S122","high","female","35-49","highschool",3,0.0466454740486504,4
"S122","high","female","35-49","highschool",4,0.373059391217632,3
"S122","high","female","35-49","highschool",5,0.488101635840548,5
"S122","high","female","35-49","highschool",6,0.395045831713143,4
"S122","high","female","35-49","highschool",7,0.524515507236542,3
"S122","high","female","35-49","highschool",8,0.330064152622209,5
"S122","high","female","35-49","highschool",9,0.369511279914931,4
"S122","high","female","35-49","highschool",10,0.249680088932672,3
"S123","high","female","18-34","college",1,0.127061963327284,3
"S123","high","female","18-34","college",2,0.211377517050854,5
"S123","high","female","18-34","college",3,0.412684569297242,4
"S123","high","female","18-34","college",4,0.337038769584037,3
"S123","high","female","18-34","college",5,0.435251725031003,4
"S123","high","female","18-34","college",6,0.179493333375176,5
"S123","high","female","18-34","college",7,0.162201849543712,4
"S123","high","female","18-34","college",8,0.192615508874161,4
"S123","high","female","18-34","college",9,0.56808139454541,4
"S123","high","female","18-34","college",10,0.56790434732736,4
"S124","high","female","18-34","none",1,0.379595516720517,6
"S124","high","female","18-34","none",2,0.0855222813131709,4
"S124","high","female","18-34","none",3,0.15154796926482,5
"S124","high","female","18-34","none",4,0.118315927371643,6
"S124","high","female","18-34","none",5,0.304541254116748,4
"S124","high","female","18-34","none",6,0.307379851629221,6
"S124","high","female","18-34","none",7,0.381571992255464,5
"S124","high","female","18-34","none",8,0.541487377119468,6
"S124","high","female","18-34","none",9,-0.0580957283304632,4
"S124","high","female","18-34","none",10,0.0491496405217575,4
"S125","high","female","50-65","none",1,0.1598563375643,5
"S125","high","female","50-65","none",2,0.535398645571945,5
"S125","high","female","50-65","none",3,0.135587485948496,6
"S125","high","female","50-65","none",4,0.207890008001961,3
"S125","high","female","50-65","none",5,0.67685233477724,5
"S125","high","female","50-65","none",6,0.280958170103542,4
"S125","high","female","50-65","none",7,0.304224781376291,5
"S125","high","female","50-65","none",8,0.235347229850441,5
"S125","high","female","50-65","none",9,0.529451363142082,6
"S125","high","female","50-65","none",10,0.295011235226028,4
"S126","high","male","35-49","college",1,0.309802986268458,5
"S126","high","male","35-49","college",2,0.0776788171448669,4
"S126","high","male","35-49","college",3,0.127147124257228,2
"S126","high","male","35-49","college",4,0.413727516223647,4
"S126","high","male","35-49","college",5,0.274847863684118,5
"S126","high","male","35-49","college",6,0.299698393471747,3
"S126","high","male","35-49","college",7,0.385005062095325,2
"S126","high","male","35-49","college",8,0.258390191681568,4
"S126","high","male","35-49","college",9,0.144856837222497,3
"S126","high","male","35-49","college",10,0.106193114495276,5
"S127","high","male","50-65","highschool",1,0.422347684409336,5
"S127","high","male","50-65","highschool",2,0.270927179053519,4
"S127","high","male","50-65","highschool",3,0.423944566210051,5
"S127","high","male","50-65","highschool",4,0.30190361084627,6
"S127","high","male","50-65","highschool",5,0.321443381794724,5
"S127","high","male","50-65","highschool",6,0.246318009586365,4
"S127","high","male","50-65","highschool",7,0.335179047298336,6
"S127","high","male","50-65","highschool",8,0.158225211854246,5
"S127","high","male","50-65","highschool",9,0.28416193716793,5
"S127","high","male","50-65","highschool",10,0.000983221559216985,4
"S128","high","male","18-34","none",1,0.340526961098659,4
"S128","high","male","18-34","none",2,0.609210068169877,4
"S128","high","male","18-34","none",3,0.413252961073731,5
"S128","high","male","18-34","none",4,0.256565588164865,5
"S128","high","male","18-34","none",5,0.244312992328818,3
"S128","high","male","18-34","none",6,0.425504353754874,7
"S128","high","male","18-34","none",7,0.180211757329445,4
"S128","high","male","18-34","none",8,0.412606750702043,5
"S128","high","male","18-34","none",9,0.159353540789758,5
"S128","high","male","18-34","none",10,-0.109448082672459,2
"S129","high","male","35-49","highschool",1,0.186657225267324,4
"S129","high","male","35-49","highschool",2,0.701312372981553,4
"S129","high","male","35-49","highschool",3,0.42707558857059,5
"S129","high","male","35-49","highschool",4,0.0853019061638417,5
"S129","high","male","35-49","highschool",5,0.0542557451520603,5
"S129","high","male","35-49","highschool",6,0.356389696284042,3
"S129","high","male","35-49","highschool",7,0.183930368153665,4
"S129","high","male","35-49","highschool",8,0.160904546713583,3
"S129","high","male","35-49","highschool",9,0.277894814454154,4
"S129","high","male","35-49","highschool",10,0.334437904878326,6
"S130","high","male","35-49","none",1,0.250358767439638,5
"S130","high","male","35-49","none",2,0.492355188849608,4
"S130","high","male","35-49","none",3,0.086784623540002,4
"S130","high","male","35-49","none",4,0.580110669622773,4
"S130","high","male","35-49","none",5,0.448340154576794,4
"S130","high","male","35-49","none",6,0.102819704579359,4
"S130","high","male","35-49","none",7,0.196517202584596,5
"S130","high","male","35-49","none",8,-0.0087640974741251,4
"S130","high","male","35-49","none",9,0.459651388392415,3
"S130","high","male","35-49","none",10,0.353577747398698,5
"S131","high","male","35-49","none",1,0.229119051143501,1
"S131","high","male","35-49","none",2,0.434491029125943,4
"S131","high","male","35-49","none",3,0.196558498658907,5
"S131","high","male","35-49","none",4,0.776435063203331,4
"S131","high","male","35-49","none",5,0.23162155445146,4
"S131","high","male","35-49","none",6,0.652222933416637,5
"S131","high","male","35-49","none",7,0.068733671072594,3
"S131","high","male","35-49","none",8,0.277951006974197,5
"S131","high","male","35-49","none",9,0.642469133566785,4
"S131","high","male","35-49","none",10,0.198827160296369,5
"S132","high","male","18-34","none",1,0.29603505245069,5
"S132","high","male","18-34","none",2,0.0715613397952531,3
"S132","high","male","18-34","none",3,0.365287009008614,4
"S132","high","male","18-34","none",4,0.496772373835312,4
"S132","high","male","18-34","none",5,0.332011817975555,4
"S132","high","male","18-34","none",6,0.463481881446838,4
"S132","high","male","18-34","none",7,-0.033396006732353,6
"S132","high","male","18-34","none",8,0.180610949267691,4
"S132","high","male","18-34","none",9,0.151557105326315,3
"S132","high","male","18-34","none",10,0.278028444995683,6
"S133","high","male","35-49","college",1,0.358426385425535,4
"S133","high","male","35-49","college",2,0.0474774828993601,3
"S133","high","male","35-49","college",3,0.18869013769473,6
"S133","high","male","35-49","college",4,0.211513629793398,5
"S133","high","male","35-49","college",5,0.232565314276799,5
"S133","high","male","35-49","college",6,0.108427768790597,6
"S133","high","male","35-49","college",7,0.489457215836932,4
"S133","high","male","35-49","college",8,0.0769938187351159,4
"S133","high","male","35-49","college",9,0.327513404636376,7
"S133","high","male","35-49","college",10,0.211629509882474,4
"S134","high","male","35-49","highschool",1,0.291251228633735,5
"S134","high","male","35-49","highschool",2,0.310165523349874,4
"S134","high","male","35-49","highschool",3,0.417240987180882,5
"S134","high","male","35-49","highschool",4,0.434621998321153,6
"S134","high","male","35-49","highschool",5,0.598512679171136,3
"S134","high","male","35-49","highschool",6,0.536640303075409,3
"S134","high","male","35-49","highschool",7,0.234419042227599,4
"S134","high","male","35-49","highschool",8,0.27942018540849,4
"S134","high","male","35-49","highschool",9,-0.0910186217222425,5
"S134","high","male","35-49","highschool",10,0.520284544527718,4
"S135","high","male","18-34","college",1,0.121965349939252,6
"S135","high","male","18-34","college",2,0.478426091047297,5
"S135","high","male","18-34","college",3,0.310333612165111,4
"S135","high","male","18-34","college",4,0.0555776308438145,5
"S135","high","male","18-34","college",5,0.420770654808676,6
"S135","high","male","18-34","college",6,-0.239115029041755,4
"S135","high","male","18-34","college",7,0.390949667503007,4
"S135","high","male","18-34","college",8,0.158806682487606,4
"S135","high","male","18-34","college",9,0.134977431987828,5
"S135","high","male","18-34","college",10,0.553108009712162,4
"S136","high","male","50-65","college",1,0.436872100681729,3
"S136","high","male","50-65","college",2,0.198834594692455,3
"S136","high","male","50-65","college",3,0.228436999455953,4
"S136","high","male","50-65","college",4,0.351025942334719,5
"S136","high","male","50-65","college",5,0.593809296167129,3
"S136","high","male","50-65","college",6,0.266448068750818,4
"S136","high","male","50-65","college",7,-0.0552965902364215,4
"S136","high","male","50-65","college",8,0.571758133999469,5
"S136","high","male","50-65","college",9,0.573262999119036,3
"S136","high","male","50-65","college",10,0.745343170265307,3
"S137","high","male","50-65","college",1,0.130989643874219,5
"S137","high","male","50-65","college",2,0.197556176911054,4
"S137","high","male","50-65","college",3,0.382156629487801,5
"S137","high","male","50-65","college",4,0.439276025447832,4
"S137","high","male","50-65","college",5,0.521251652052326,4
"S137","high","male","50-65","college",6,0.34640263018902,5
"S137","high","male","50-65","college",7,-0.095031074027465,4
"S137","high","male","50-65","college",8,0.649711506776792,4
"S137","high","male","50-65","college",9,0.445004819052778,5
"S137","high","male","50-65","college",10,0.547966093643425,6
"S138","high","male","50-65","college",1,0.224939605965732,5
"S138","high","male","50-65","college",2,0.340434634550714,5
"S138","high","male","50-65","college",3,-0.0909504132761065,4
"S138","high","male","50-65","college",4,0.00609718396804299,7
"S138","high","male","50-65","college",5,0.0946859516411127,5
"S138","high","male","50-65","college",6,0.114336821491453,5
"S138","high","male","50-65","college",7,0.0472243989359424,6
"S138","high","male","50-65","college",8,0.262617449693157,3
"S138","high","male","50-65","college",9,0.376169935851333,4
"S138","high","male","50-65","college",10,0.352867739013641,3
"S139","high","male","35-49","none",1,0.463132804318067,3
"S139","high","male","35-49","none",2,0.408112003078266,4
"S139","high","male","35-49","none",3,0.231803172745134,4
"S139","high","male","35-49","none",4,-0.0549059071040871,2
"S139","high","male","35-49","none",5,0.636929586511633,5
"S139","high","male","35-49","none",6,-0.0372328359458785,4
"S139","high","male","35-49","none",7,0.400279949196929,6
"S139","high","male","35-49","none",8,0.157390604043198,3
"S139","high","male","35-49","none",9,0.568510802146705,3
"S139","high","male","35-49","none",10,0.410212582819591,4
"S140","high","male","50-65","highschool",1,0.28038217263811,4
"S140","high","male","50-65","highschool",2,0.251146365464156,5
"S140","high","male","50-65","highschool",3,0.373724103524657,4
"S140","high","male","50-65","highschool",4,0.287942623977398,4
"S140","high","male","50-65","highschool",5,0.338818987499012,4
"S140","high","male","50-65","highschool",6,0.160128673082309,4
"S140","high","male","50-65","highschool",7,0.0464690470256182,4
"S140","high","male","50-65","highschool",8,0.258242495251847,5
"S140","high","male","50-65","highschool",9,0.366058664853607,4
"S140","high","male","50-65","highschool",10,0.353267122458493,2
"S141","high","male","50-65","none",1,0.275244785711271,3
"S141","high","male","50-65","none",2,0.373200882167487,4
"S141","high","male","50-65","none",3,-0.0104877574251747,5
"S141","high","male","50-65","none",4,-0.117897552894512,6
"S141","high","male","50-65","none",5,0.048569219914635,5
"S141","high","male","50-65","none",6,0.335326395299188,4
"S141","high","male","50-65","none",7,0.454895144435153,6
"S141","high","male","50-65","none",8,0.203607459261057,4
"S141","high","male","50-65","none",9,0.411526654734456,6
"S141","high","male","50-65","none",10,0.186264021468216,6
"S142","high","male","18-34","highschool",1,0.234006361914825,4
"S142","high","male","18-34","highschool",2,0.267028220033045,4
"S142","high","male","18-34","highschool",3,0.511462294680143,4
"S142","high","male","18-34","highschool",4,0.303554699871693,4
"S142","high","male","18-34","highschool",5,0.149893420837436,4
"S142","high","male","18-34","highschool",6,0.291771505727894,4
"S142","high","male","18-34","highschool",7,0.229113220722446,3
"S142","high","male","18-34","highschool",8,0.605837365797179,4
"S142","high","male","18-34","highschool",9,0.428136131551591,3
"S142","high","male","18-34","highschool",10,0.234912942944323,5
"S143","high","male","35-49","highschool",1,0.196646601837955,2
"S143","high","male","35-49","highschool",2,0.456215757138642,3
"S143","high","male","35-49","highschool",3,0.326296606596844,3
"S143","high","male","35-49","highschool",4,0.269747070428674,3
"S143","high","male","35-49","highschool",5,-0.0117171619240499,4
"S143","high","male","35-49","highschool",6,0.259934232098721,4
"S143","high","male","35-49","highschool",7,0.315692388168932,4
"S143","high","male","35-49","highschool",8,0.511400465488988,4
"S143","high","male","35-49","highschool",9,0.457975914491203,3
"S143","high","male","35-49","highschool",10,0.0930395853179722,4
"S144","high","male","18-34","highschool",1,0.186579704457513,5
"S144","high","male","18-34","highschool",2,0.408604344157336,5
"S144","high","male","18-34","highschool",3,0.52231757859696,5
"S144","high","male","18-34","highschool",4,0.18054882835302,4
"S144","high","male","18-34","highschool",5,0.246305248772719,5
"S144","high","male","18-34","highschool",6,0.081318129882261,4
"S144","high","male","18-34","highschool",7,0.243210601383516,4
"S144","high","male","18-34","highschool",8,0.238330413846052,3
"S144","high","male","18-34","highschool",9,0.371838495901645,4
"S144","high","male","18-34","highschool",10,0.200205434616412,5
"S145","high","male","50-65","highschool",1,0.257187947439929,4
"S145","high","male","50-65","highschool",2,0.207953161234335,3
"S145","high","male","50-65","highschool",3,0.115598697185434,5
"S145","high","male","50-65","highschool",4,0.287826212105325,3
"S145","high","male","50-65","highschool",5,0.126410940644385,5
"S145","high","male","50-65","highschool",6,-0.163093433705695,6
"S145","high","male","50-65","highschool",7,0.323892066618135,3
"S145","high","male","50-65","highschool",8,0.590475586038218,4
"S145","high","male","50-65","highschool",9,0.187453801027257,4
"S145","high","male","50-65","highschool",10,0.198332176289366,3
"S146","high","male","35-49","college",1,0.370787708027377,3
"S146","high","male","35-49","college",2,0.239829693307782,4
"S146","high","male","35-49","college",3,0.42667613099092,4
"S146","high","male","35-49","college",4,-0.0864248380418222,4
"S146","high","male","35-49","college",5,0.323111950195061,4
"S146","high","male","35-49","college",6,0.658433082112471,4
"S146","high","male","35-49","college",7,0.298348502907691,3
"S146","high","male","35-49","college",8,0.492271383831532,5
"S146","high","male","35-49","college",9,0.96635062588466,4
"S146","high","male","35-49","college",10,0.35124194420157,5
"S147","high","male","18-34","college",1,0.354528558181647,3
"S147","high","male","18-34","college",2,0.159375960491895,5
"S147","high","male","18-34","college",3,0.422502410756477,3
"S147","high","male","18-34","college",4,0.790213368984002,3
"S147","high","male","18-34","college",5,0.317607755585446,5
"S147","high","male","18-34","college",6,0.268259849218636,3
"S147","high","male","18-34","college",7,0.404894012303833,4
"S147","high","male","18-34","college",8,0.450406118375272,5
"S147","high","male","18-34","college",9,0.568307907993633,4
"S147","high","male","18-34","college",10,0.44936817198646,6
"S148","high","male","18-34","college",1,0.59651984379464,4
"S148","high","male","18-34","college",2,0.558274890456424,3
"S148","high","male","18-34","college",3,0.0965041378235257,4
"S148","high","male","18-34","college",4,0.481374083616464,4
"S148","high","male","18-34","college",5,0.201834636479732,3
"S148","high","male","18-34","college",6,0.0536622435947254,3
"S148","high","male","18-34","college",7,0.49646249520435,3
"S148","high","male","18-34","college",8,0.404430972810693,4
"S148","high","male","18-34","college",9,0.559477812810769,4
"S148","high","male","18-34","college",10,0.361885368954619,4
"S149","high","male","35-49","college",1,0.321476623838091,3
"S149","high","male","35-49","college",2,0.158631822216095,4
"S149","high","male","35-49","college",3,0.672141250316173,4
"S149","high","male","35-49","college",4,0.422808450393926,4
"S149","high","male","35-49","college",5,0.122969481071741,4
"S149","high","male","35-49","college",6,-0.00271875591168103,4
"S149","high","male","35-49","college",7,0.252514319410317,3
"S149","high","male","35-49","college",8,0.331536674745883,4
"S149","high","male","35-49","college",9,0.417187157475425,4
"S149","high","male","35-49","college",10,0.408199276943155,4
"S150","high","male","35-49","none",1,0.415245876387278,5
"S150","high","male","35-49","none",2,0.427621743486922,4
"S150","high","male","35-49","none",3,0.27083973195378,5
"S150","high","male","35-49","none",4,0.345152526730762,5
"S150","high","male","35-49","none",5,0.261257705368677,4
"S150","high","male","35-49","none",6,0.193969210396323,3
"S150","high","male","35-49","none",7,0.368273004269224,4
"S150","high","male","35-49","none",8,0.395824812848375,4
"S150","high","male","35-49","none",9,0.440688638494305,5
"S150","high","male","35-49","none",10,-0.107895304105641,3
